{
  "components": [
    {
      "type": "wrapper",
      "tagName": "div",
      "attributes": {
        "id": "wrapper",
        "class": "gjs-wrapper",
        "style": {
          "width": "100%",
          "max-width": "1200px",
          "margin": "0 auto",
          "padding": "20px"
        }
      },
      "components": [
        {
          "type": "header",
          "tagName": "header",
          "attributes": {
            "class": "gjs-header",
            "style": {
              "padding": "20px 0",
              "text-align": "center",
              "background-color": "#f8f9fa",
              "margin-bottom": "20px"
            }
          },
          "components": [
            {
              "type": "heading",
              "tagName": "h1",
              "content": "GrapesJS 原生组件示例",
              "attributes": {
                "style": {
                  "color": "#333",
                  "font-size": "32px"
                }
              }
            },
            {
              "type": "paragraph",
              "tagName": "p",
              "content": "这是一个使用 GrapesJS 原生组件构建的复杂页面示例",
              "attributes": {
                "style": {
                  "color": "#666",
                  "font-size": "16px",
                  "margin-top": "10px"
                }
              }
            }
          ]
        },
        {
          "type": "section",
          "tagName": "section",
          "attributes": {
            "class": "gjs-feature-section",
            "style": {
              "display": "flex",
              "flex-wrap": "wrap",
              "justify-content": "space-between",
              "margin-bottom": "30px"
            }
          },
          "components": [
            {
              "type": "feature",
              "tagName": "div",
              "attributes": {
                "class": "gjs-feature",
                "style": {
                  "width": "calc(25% - 20px)",
                  "padding": "20px",
                  "background-color": "#fff",
                  "box-shadow": "0 2px 4px rgba(0,0,0,0.1)",
                  "border-radius": "4px",
                  "text-align": "center"
                }
              },
              "components": [
                {
                  "type": "icon",
                  "tagName": "div",
                  "attributes": {
                    "class": "gjs-icon",
                    "style": {
                      "font-size": "48px",
                      "color": "#3498db",
                      "margin-bottom": "15px"
                    }
                  },
                  "content": "<i class=\"fa fa-star\"></i>"
                },
                {
                  "type": "heading",
                  "tagName": "h3",
                  "content": "特性 1",
                  "attributes": {
                    "style": {
                      "font-size": "20px",
                      "margin-bottom": "10px"
                    }
                  }
                },
                {
                  "type": "paragraph",
                  "tagName": "p",
                  "content": "这是特性 1 的描述文本，可以在这里添加更多内容。",
                  "attributes": {
                    "style": {
                      "font-size": "14px",
                      "color": "#777"
                    }
                  }
                }
              ]
            },
            {
              "type": "feature",
              "tagName": "div",
              "attributes": {
                "class": "gjs-feature",
                "style": {
                  "width": "calc(25% - 20px)",
                  "padding": "20px",
                  "background-color": "#fff",
                  "box-shadow": "0 2px 4px rgba(0,0,0,0.1)",
                  "border-radius": "4px",
                  "text-align": "center"
                }
              },
              "components": [
                {
                  "type": "icon",
                  "tagName": "div",
                  "attributes": {
                    "class": "gjs-icon",
                    "style": {
                      "font-size": "48px",
                      "color": "#3498db",
                      "margin-bottom": "15px"
                    }
                  },
                  "content": "<i class=\"fa fa-heart\"></i>"
                },
                {
                  "type": "heading",
                  "tagName": "h3",
                  "content": "特性 2",
                  "attributes": {
                    "style": {
                      "font-size": "20px",
                      "margin-bottom": "10px"
                    }
                  }
                },
                {
                  "type": "paragraph",
                  "tagName": "p",
                  "content": "这是特性 2 的描述文本，可以在这里添加更多内容。",
                  "attributes": {
                    "style": {
                      "font-size": "14px",
                      "color": "#777"
                    }
                  }
                }
              ]
            },
            {
              "type": "feature",
              "tagName": "div",
              "attributes": {
                "class": "gjs-feature",
                "style": {
                  "width": "calc(25% - 20px)",
                  "padding": "20px",
                  "background-color": "#fff",
                  "box-shadow": "0 2px 4px rgba(0,0,0,0.1)",
                  "border-radius": "4px",
                  "text-align": "center"
                }
              },
              "components": [
                {
                  "type": "icon",
                  "tagName": "div",
                  "attributes": {
                    "class": "gjs-icon",
                    "style": {
                      "font-size": "48px",
                      "color": "#3498db",
                      "margin-bottom": "15px"
                    }
                  },
                  "content": "<i class=\"fa fa-bell\"></i>"
                },
                {
                  "type": "heading",
                  "tagName": "h3",
                  "content": "特性 3",
                  "attributes": {
                    "style": {
                      "font-size": "20px",
                      "margin-bottom": "10px"
                    }
                  }
                },
                {
                  "type": "paragraph",
                  "tagName": "p",
                  "content": "这是特性 3 的描述文本，可以在这里添加更多内容。",
                  "attributes": {
                    "style": {
                      "font-size": "14px",
                      "color": "#777"
                    }
                  }
                }
              ]
            },
            {
              "type": "feature",
              "tagName": "div",
              "attributes": {
                "class": "gjs-feature",
                "style": {
                  "width": "calc(25% - 20px)",
                  "padding": "20px",
                  "background-color": "#fff",
                  "box-shadow": "0 2px 4px rgba(0,0,0,0.1)",
                  "border-radius": "4px",
                  "text-align": "center"
                }
              },
              "components": [
                {
                  "type": "icon",
                  "tagName": "div",
                  "attributes": {
                    "class": "gjs-icon",
                    "style": {
                      "font-size": "48px",
                      "color": "#3498db",
                      "margin-bottom": "15px"
                    }
                  },
                  "content": "<i class=\"fa fa-envelope\"></i>"
                },
                {
                  "type": "heading",
                  "tagName": "h3",
                  "content": "特性 4",
                  "attributes": {
                    "style": {
                      "font-size": "20px",
                      "margin-bottom": "10px"
                    }
                  }
                },
                {
                  "type": "paragraph",
                  "tagName": "p",
                  "content": "这是特性 4 的描述文本，可以在这里添加更多内容。",
                  "attributes": {
                    "style": {
                      "font-size": "14px",
                      "color": "#777"
                    }
                  }
                }
              ]
            }
          ]
        },
        {
          "type": "content",
          "tagName": "section",
          "attributes": {
            "class": "gjs-content-section",
            "style": {
              "display": "flex",
              "margin-bottom": "30px"
            }
          },
          "components": [
            {
              "type": "main-content",
              "tagName": "div",
              "attributes": {
                "class": "gjs-main-content",
                "style": {
                  "flex": "2",
                  "padding": "20px",
                  "background-color": "#fff",
                  "box-shadow": "0 2px 4px rgba(0,0,0,0.1)",
                  "border-radius": "4px",
                  "margin-right": "20px"
                }
              },
              "components": [
                {
                  "type": "article",
                  "tagName": "article",
                  "attributes": {
                    "class": "gjs-article",
                    "style": {
                      "margin-bottom": "25px",
                      "padding-bottom": "25px",
                      "border-bottom": "1px solid #eee"
                    }
                  },
                  "components": [
                    {
                      "type": "heading",
                      "tagName": "h2",
                      "content": "文章标题 1",
                      "attributes": {
                        "style": {
                          "font-size": "24px",
                          "margin-bottom": "15px",
                          "color": "#333"
                        }
                      }
                    },
                    {
                      "type": "paragraph",
                      "tagName": "p",
                      "content": "这是文章的内容，这里可以放置很多文字，说明文章的主要内容和观点。这只是示例文本，实际使用时会被替换为实际内容。",
                      "attributes": {
                        "style": {
                          "line-height": "1.6",
                          "margin-bottom": "15px"
                        }
                      }
                    },
                    {
                      "type": "paragraph",
                      "tagName": "p",
                      "content": "这是第二段落，提供更多的信息和细节。文章可以包含多个段落，以便更好地组织内容。",
                      "attributes": {
                        "style": {
                          "line-height": "1.6",
                          "margin-bottom": "15px"
                        }
                      }
                    },
                    {
                      "type": "button",
                      "tagName": "button",
                      "content": "阅读更多",
                      "attributes": {
                        "class": "gjs-button",
                        "style": {
                          "background": "#3498db",
                          "color": "#fff",
                          "border": "none",
                          "padding": "10px 15px",
                          "border-radius": "4px",
                          "cursor": "pointer"
                        }
                      }
                    }
                  ]
                },
                {
                  "type": "article",
                  "tagName": "article",
                  "attributes": {
                    "class": "gjs-article",
                    "style": {
                      "margin-bottom": "25px",
                      "padding-bottom": "25px",
                      "border-bottom": "1px solid #eee"
                    }
                  },
                  "components": [
                    {
                      "type": "heading",
                      "tagName": "h2",
                      "content": "文章标题 2",
                      "attributes": {
                        "style": {
                          "font-size": "24px",
                          "margin-bottom": "15px",
                          "color": "#333"
                        }
                      }
                    },
                    {
                      "type": "paragraph",
                      "tagName": "p",
                      "content": "这是文章的内容，这里可以放置很多文字，说明文章的主要内容和观点。这只是示例文本，实际使用时会被替换为实际内容。",
                      "attributes": {
                        "style": {
                          "line-height": "1.6",
                          "margin-bottom": "15px"
                        }
                      }
                    },
                    {
                      "type": "paragraph",
                      "tagName": "p",
                      "content": "这是第二段落，提供更多的信息和细节。文章可以包含多个段落，以便更好地组织内容。",
                      "attributes": {
                        "style": {
                          "line-height": "1.6",
                          "margin-bottom": "15px"
                        }
                      }
                    },
                    {
                      "type": "button",
                      "tagName": "button",
                      "content": "阅读更多",
                      "attributes": {
                        "class": "gjs-button",
                        "style": {
                          "background": "#3498db",
                          "color": "#fff",
                          "border": "none",
                          "padding": "10px 15px",
                          "border-radius": "4px",
                          "cursor": "pointer"
                        }
                      }
                    }
                  ]
                },
                {
                  "type": "article",
                  "tagName": "article",
                  "attributes": {
                    "class": "gjs-article",
                    "style": {
                      "margin-bottom": "25px",
                      "padding-bottom": "25px",
                      "border-bottom": "none"
                    }
                  },
                  "components": [
                    {
                      "type": "heading",
                      "tagName": "h2",
                      "content": "文章标题 3",
                      "attributes": {
                        "style": {
                          "font-size": "24px",
                          "margin-bottom": "15px",
                          "color": "#333"
                        }
                      }
                    },
                    {
                      "type": "paragraph",
                      "tagName": "p",
                      "content": "这是文章的内容，这里可以放置很多文字，说明文章的主要内容和观点。这只是示例文本，实际使用时会被替换为实际内容。",
                      "attributes": {
                        "style": {
                          "line-height": "1.6",
                          "margin-bottom": "15px"
                        }
                      }
                    },
                    {
                      "type": "paragraph",
                      "tagName": "p",
                      "content": "这是第二段落，提供更多的信息和细节。文章可以包含多个段落，以便更好地组织内容。",
                      "attributes": {
                        "style": {
                          "line-height": "1.6",
                          "margin-bottom": "15px"
                        }
                      }
                    },
                    {
                      "type": "button",
                      "tagName": "button",
                      "content": "阅读更多",
                      "attributes": {
                        "class": "gjs-button",
                        "style": {
                          "background": "#3498db",
                          "color": "#fff",
                          "border": "none",
                          "padding": "10px 15px",
                          "border-radius": "4px",
                          "cursor": "pointer"
                        }
                      }
                    }
                  ]
                }
              ]
            },
            {
              "type": "sidebar",
              "tagName": "aside",
              "attributes": {
                "class": "gjs-sidebar",
                "style": {
                  "flex": "1",
                  "padding": "20px",
                  "background-color": "#fff",
                  "box-shadow": "0 2px 4px rgba(0,0,0,0.1)",
                  "border-radius": "4px"
                }
              },
              "components": [
                {
                  "type": "heading",
                  "tagName": "h3",
                  "content": "侧边栏",
                  "attributes": {
                    "style": {
                      "font-size": "20px",
                      "margin-bottom": "15px",
                      "padding-bottom": "10px",
                      "border-bottom": "1px solid #eee"
                    }
                  }
                },
                {
                  "type": "list",
                  "tagName": "ul",
                  "attributes": {
                    "class": "gjs-list",
                    "style": {
                      "list-style": "none",
                      "padding": "0",
                      "margin": "0"
                    }
                  },
                  "components": [
                    {
                      "type": "list-item",
                      "tagName": "li",
                      "attributes": {
                        "style": {
                          "padding": "10px 0",
                          "border-bottom": "1px solid #f5f5f5"
                        }
                      },
                      "components": [
                        {
                          "type": "link",
                          "tagName": "a",
                          "content": "链接项目 1",
                          "attributes": {
                            "href": "#",
                            "style": {
                              "color": "#3498db",
                              "text-decoration": "none"
                            }
                          }
                        }
                      ]
                    },
                    {
                      "type": "list-item",
                      "tagName": "li",
                      "attributes": {
                        "style": {
                          "padding": "10px 0",
                          "border-bottom": "1px solid #f5f5f5"
                        }
                      },
                      "components": [
                        {
                          "type": "link",
                          "tagName": "a",
                          "content": "链接项目 2",
                          "attributes": {
                            "href": "#",
                            "style": {
                              "color": "#3498db",
                              "text-decoration": "none"
                            }
                          }
                        }
                      ]
                    },
                    {
                      "type": "list-item",
                      "tagName": "li",
                      "attributes": {
                        "style": {
                          "padding": "10px 0",
                          "border-bottom": "1px solid #f5f5f5"
                        }
                      },
                      "components": [
                        {
                          "type": "link",
                          "tagName": "a",
                          "content": "链接项目 3",
                          "attributes": {
                            "href": "#",
                            "style": {
                              "color": "#3498db",
                              "text-decoration": "none"
                            }
                          }
                        }
                      ]
                    },
                    {
                      "type": "list-item",
                      "tagName": "li",
                      "attributes": {
                        "style": {
                          "padding": "10px 0",
                          "border-bottom": "1px solid #f5f5f5"
                        }
                      },
                      "components": [
                        {
                          "type": "link",
                          "tagName": "a",
                          "content": "链接项目 4",
                          "attributes": {
                            "href": "#",
                            "style": {
                              "color": "#3498db",
                              "text-decoration": "none"
                            }
                          }
                        }
                      ]
                    },
                    {
                      "type": "list-item",
                      "tagName": "li",
                      "attributes": {
                        "style": {
                          "padding": "10px 0",
                          "border-bottom": "none"
                        }
                      },
                      "components": [
                        {
                          "type": "link",
                          "tagName": "a",
                          "content": "链接项目 5",
                          "attributes": {
                            "href": "#",
                            "style": {
                              "color": "#3498db",
                              "text-decoration": "none"
                            }
                          }
                        }
                      ]
                    }
                  ]
                },
                {
                  "type": "widget",
                  "tagName": "div",
                  "attributes": {
                    "class": "gjs-widget",
                    "style": {
                      "margin-top": "20px",
                      "padding": "15px",
                      "background-color": "#f8f9fa",
                      "border-radius": "4px"
                    }
                  },
                  "components": [
                    {
                      "type": "heading",
                      "tagName": "h4",
                      "content": "关于我们",
                      "attributes": {
                        "style": {
                          "font-size": "16px",
                          "margin-bottom": "10px"
                        }
                      }
                    },
                    {
                      "type": "paragraph",
                      "tagName": "p",
                      "content": "这是一个关于我们的小部件，提供有关网站或公司的简短描述。",
                      "attributes": {
                        "style": {
                          "font-size": "14px",
                          "color": "#777"
                        }
                      }
                    }
                  ]
                }
              ]
            }
          ]
        },
        {
          "type": "gallery",
          "tagName": "section",
          "attributes": {
            "class": "gjs-gallery",
            "style": {
              "margin-bottom": "30px"
            }
          },
          "components": [
            {
              "type": "heading",
              "tagName": "h2",
              "content": "图片画廊",
              "attributes": {
                "style": {
                  "font-size": "28px",
                  "margin-bottom": "20px",
                  "text-align": "center"
                }
              }
            },
            {
              "type": "gallery-container",
              "tagName": "div",
              "attributes": {
                "class": "gjs-gallery-container",
                "style": {
                  "display": "flex",
                  "flex-wrap": "wrap",
                  "justify-content": "space-between"
                }
              },
              "components": [
                {
                  "type": "gallery-item",
                  "tagName": "div",
                  "attributes": {
                    "class": "gjs-gallery-item",
                    "style": {
                      "width": "calc(33.333% - 15px)",
                      "margin-bottom": "20px",
                      "border-radius": "4px",
                      "overflow": "hidden",
                      "box-shadow": "0 2px 4px rgba(0,0,0,0.1)"
                    }
                  },
                  "components": [
                    {
                      "type": "image",
                      "tagName": "img",
                      "attributes": {
                        "src": "https://picsum.photos/id/10/400/300",
                        "alt": "图片 1",
                        "style": {
                          "width": "100%",
                          "height": "auto",
                          "display": "block"
                        }
                      }
                    },
                    {
                      "type": "caption",
                      "tagName": "div",
                      "attributes": {
                        "class": "gjs-caption",
                        "style": {
                          "padding": "10px",
                          "background-color": "#fff"
                        }
                      },
                      "components": [
                        {
                          "type": "heading",
                          "tagName": "h4",
                          "content": "图片标题 1",
                          "attributes": {
                            "style": {
                              "margin-bottom": "5px",
                              "font-size": "16px"
                            }
                          }
                        },
                        {
                          "type": "paragraph",
                          "tagName": "p",
                          "content": "图片描述文本，简要说明图片的内容或相关信息。",
                          "attributes": {
                            "style": {
                              "font-size": "14px",
                              "color": "#777",
                              "margin": "0"
                            }
                          }
                        }
                      ]
                    }
                  ]
                },
                {
                  "type": "gallery-item",
                  "tagName": "div",
                  "attributes": {
                    "class": "gjs-gallery-item",
                    "style": {
                      "width": "calc(33.333% - 15px)",
                      "margin-bottom": "20px",
                      "border-radius": "4px",
                      "overflow": "hidden",
                      "box-shadow": "0 2px 4px rgba(0,0,0,0.1)"
                    }
                  },
                  "components": [
                    {
                      "type": "image",
                      "tagName": "img",
                      "attributes": {
                        "src": "https://picsum.photos/id/11/400/300",
                        "alt": "图片 2",
                        "style": {
                          "width": "100%",
                          "height": "auto",
                          "display": "block"
                        }
                      }
                    },
                    {
                      "type": "caption",
                      "tagName": "div",
                      "attributes": {
                        "class": "gjs-caption",
                        "style": {
                          "padding": "10px",
                          "background-color": "#fff"
                        }
                      },
                      "components": [
                        {
                          "type": "heading",
                          "tagName": "h4",
                          "content": "图片标题 2",
                          "attributes": {
                            "style": {
                              "margin-bottom": "5px",
                              "font-size": "16px"
                            }
                          }
                        },
                        {
                          "type": "paragraph",
                          "tagName": "p",
                          "content": "图片描述文本，简要说明图片的内容或相关信息。",
                          "attributes": {
                            "style": {
                              "font-size": "14px",
                              "color": "#777",
                              "margin": "0"
                            }
                          }
                        }
                      ]
                    }
                  ]
                },
                {
                  "type": "gallery-item",
                  "tagName": "div",
                  "attributes": {
                    "class": "gjs-gallery-item",
                    "style": {
                      "width": "calc(33.333% - 15px)",
                      "margin-bottom": "20px",
                      "border-radius": "4px",
                      "overflow": "hidden",
                      "box-shadow": "0 2px 4px rgba(0,0,0,0.1)"
                    }
                  },
                  "components": [
                    {
                      "type": "image",
                      "tagName": "img",
                      "attributes": {
                        "src": "https://picsum.photos/id/12/400/300",
                        "alt": "图片 3",
                        "style": {
                          "width": "100%",
                          "height": "auto",
                          "display": "block"
                        }
                      }
                    },
                    {
                      "type": "caption",
                      "tagName": "div",
                      "attributes": {
                        "class": "gjs-caption",
                        "style": {
                          "padding": "10px",
                          "background-color": "#fff"
                        }
                      },
                      "components": [
                        {
                          "type": "heading",
                          "tagName": "h4",
                          "content": "图片标题 3",
                          "attributes": {
                            "style": {
                              "margin-bottom": "5px",
                              "font-size": "16px"
                            }
                          }
                        },
                        {
                          "type": "paragraph",
                          "tagName": "p",
                          "content": "图片描述文本，简要说明图片的内容或相关信息。",
                          "attributes": {
                            "style": {
                              "font-size": "14px",
                              "color": "#777",
                              "margin": "0"
                            }
                          }
                        }
                      ]
                    }
                  ]
                },
                {
                  "type": "gallery-item",
                  "tagName": "div",
                  "attributes": {
                    "class": "gjs-gallery-item",
                    "style": {
                      "width": "calc(33.333% - 15px)",
                      "margin-bottom": "20px",
                      "border-radius": "4px",
                      "overflow": "hidden",
                      "box-shadow": "0 2px 4px rgba(0,0,0,0.1)"
                    }
                  },
                  "components": [
                    {
                      "type": "image",
                      "tagName": "img",
                      "attributes": {
                        "src": "https://picsum.photos/id/13/400/300",
                        "alt": "图片 4",
                        "style": {
                          "width": "100%",
                          "height": "auto",
                          "display": "block"
                        }
                      }
                    },
                    {
                      "type": "caption",
                      "tagName": "div",
                      "attributes": {
                        "class": "gjs-caption",
                        "style": {
                          "padding": "10px",
                          "background-color": "#fff"
                        }
                      },
                      "components": [
                        {
                          "type": "heading",
                          "tagName": "h4",
                          "content": "图片标题 4",
                          "attributes": {
                            "style": {
                              "margin-bottom": "5px",
                              "font-size": "16px"
                            }
                          }
                        },
                        {
                          "type": "paragraph",
                          "tagName": "p",
                          "content": "图片描述文本，简要说明图片的内容或相关信息。",
                          "attributes": {
                            "style": {
                              "font-size": "14px",
                              "color": "#777",
                              "margin": "0"
                            }
                          }
                        }
                      ]
                    }
                  ]
                },
                {
                  "type": "gallery-item",
                  "tagName": "div",
                  "attributes": {
                    "class": "gjs-gallery-item",
                    "style": {
                      "width": "calc(33.333% - 15px)",
                      "margin-bottom": "20px",
                      "border-radius": "4px",
                      "overflow": "hidden",
                      "box-shadow": "0 2px 4px rgba(0,0,0,0.1)"
                    }
                  },
                  "components": [
                    {
                      "type": "image",
                      "tagName": "img",
                      "attributes": {
                        "src": "https://picsum.photos/id/14/400/300",
                        "alt": "图片 5",
                        "style": {
                          "width": "100%",
                          "height": "auto",
                          "display": "block"
                        }
                      }
                    },
                    {
                      "type": "caption",
                      "tagName": "div",
                      "attributes": {
                        "class": "gjs-caption",
                        "style": {
                          "padding": "10px",
                          "background-color": "#fff"
                        }
                      },
                      "components": [
                        {
                          "type": "heading",
                          "tagName": "h4",
                          "content": "图片标题 5",
                          "attributes": {
                            "style": {
                              "margin-bottom": "5px",
                              "font-size": "16px"
                            }
                          }
                        },
                        {
                          "type": "paragraph",
                          "tagName": "p",
                          "content": "图片描述文本，简要说明图片的内容或相关信息。",
                          "attributes": {
                            "style": {
                              "font-size": "14px",
                              "color": "#777",
                              "margin": "0"
                            }
                          }
                        }
                      ]
                    }
                  ]
                },
                {
                  "type": "gallery-item",
                  "tagName": "div",
                  "attributes": {
                    "class": "gjs-gallery-item",
                    "style": {
                      "width": "calc(33.333% - 15px)",
                      "margin-bottom": "20px",
                      "border-radius": "4px",
                      "overflow": "hidden",
                      "box-shadow": "0 2px 4px rgba(0,0,0,0.1)"
                    }
                  },
                  "components": [
                    {
                      "type": "image",
                      "tagName": "img",
                      "attributes": {
                        "src": "https://picsum.photos/id/15/400/300",
                        "alt": "图片 6",
                        "style": {
                          "width": "100%",
                          "height": "auto",
                          "display": "block"
                        }
                      }
                    },
                    {
                      "type": "caption",
                      "tagName": "div",
                      "attributes": {
                        "class": "gjs-caption",
                        "style": {
                          "padding": "10px",
                          "background-color": "#fff"
                        }
                      },
                      "components": [
                        {
                          "type": "heading",
                          "tagName": "h4",
                          "content": "图片标题 6",
                          "attributes": {
                            "style": {
                              "margin-bottom": "5px",
                              "font-size": "16px"
                            }
                          }
                        },
                        {
                          "type": "paragraph",
                          "tagName": "p",
                          "content": "图片描述文本，简要说明图片的内容或相关信息。",
                          "attributes": {
                            "style": {
                              "font-size": "14px",
                              "color": "#777",
                              "margin": "0"
                            }
                          }
                        }
                      ]
                    }
                  ]
                }
              ]
            }
          ]
        },
        {
          "type": "footer",
          "tagName": "footer",
          "attributes": {
            "class": "gjs-footer",
            "style": {
              "background-color": "#2c3e50",
              "color": "#ecf0f1",
              "padding": "30px 0 20px",
              "text-align": "center"
            }
          },
          "components": [
            {
              "type": "container",
              "tagName": "div",
              "attributes": {
                "class": "gjs-footer-container",
                "style": {
                  "display": "flex",
                  "flex-wrap": "wrap",
                  "justify-content": "space-between",
                  "max-width": "1200px",
                  "margin": "0 auto",
                  "padding": "0 20px"
                }
              },
              "components": [
                {
                  "type": "footer-column",
                  "tagName": "div",
                  "attributes": {
                    "class": "gjs-footer-column",
                    "style": {
                      "width": "calc(33.333% - 30px)"
                    }
                  },
                  "components": [
                    {
                      "type": "heading",
                      "tagName": "h3",
                      "content": "关于我们",
                      "attributes": {
                        "style": {
                          "font-size": "18px",
                          "margin-bottom": "15px",
                          "padding-bottom": "10px",
                          "border-bottom": "1px solid #34495e"
                        }
                      }
                    },
                    {
                      "type": "paragraph",
                      "tagName": "p",
                      "content": "我们是一个致力于提供高质量服务的公司，我们的目标是客户满意。",
                      "attributes": {
                        "style": {
                          "font-size": "14px",
                          "line-height": "1.6"
                        }
                      }
                    }
                  ]
                },
                {
                  "type": "footer-column",
                  "tagName": "div",
                  "attributes": {
                    "class": "gjs-footer-column",
                    "style": {
                      "width": "calc(33.333% - 30px)"
                    }
                  },
                  "components": [
                    {
                      "type": "heading",
                      "tagName": "h3",
                      "content": "服务",
                      "attributes": {
                        "style": {
                          "font-size": "18px",
                          "margin-bottom": "15px",
                          "padding-bottom": "10px",
                          "border-bottom": "1px solid #34495e"
                        }
                      }
                    },
                    {
                      "type": "paragraph",
                      "tagName": "p",
                      "content": "我们提供各种服务，包括设计、开发、咨询等多个领域。",
                      "attributes": {
                        "style": {
                          "font-size": "14px",
                          "line-height": "1.6"
                        }
                      }
                    }
                  ]
                },
                {
                  "type": "footer-column",
                  "tagName": "div",
                  "attributes": {
                    "class": "gjs-footer-column",
                    "style": {
                      "width": "calc(33.333% - 30px)"
                    }
                  },
                  "components": [
                    {
                      "type": "heading",
                      "tagName": "h3",
                      "content": "联系方式",
                      "attributes": {
                        "style": {
                          "font-size": "18px",
                          "margin-bottom": "15px",
                          "padding-bottom": "10px",
                          "border-bottom": "1px solid #34495e"
                        }
                      }
                    },
                    {
                      "type": "paragraph",
                      "tagName": "p",
                      "content": "地址: 示例街道123号<br>电话: 123-456-7890<br>邮箱: example@example.com",
                      "attributes": {
                        "style": {
                          "font-size": "14px",
                          "line-height": "1.6"
                        }
                      }
                    }
                  ]
                }
              ]
            },
            {
              "type": "copyright",
              "tagName": "div",
              "attributes": {
                "class": "gjs-copyright",
                "style": {
                  "margin-top": "30px",
                  "padding-top": "20px",
                  "border-top": "1px solid #34495e",
                  "font-size": "14px"
                }
              },
              "content": "© 2025 GrapesJS 示例。版权所有。"
            }
          ]
        }
      ]
    }
  ],
  "styles": [
    {
      "selectors": [
        "body"
      ],
      "style": {
        "margin": 0,
        "padding": 0,
        "font-family": "Arial, sans-serif",
        "background-color": "#f5f5f5",
        "color": "#333"
      }
    },
    {
      "selectors": [
        ".gjs-button:hover"
      ],
      "style": {
        "background-color": "#2980b9"
      }
    }
  ],
  "assets": []
}