{
  "components": [
    {
      "type": "wrapper",
      "tagName": "div",
      "attributes": {
        "id": "mixed-wrapper",
        "style": {
          "width": "100%",
          "max-width": "1200px",
          "margin": "0 auto",
          "padding": "20px"
        }
      },
      "components": [
        {
          "type": "header",
          "tagName": "header",
          "attributes": {
            "style": {
              "padding": "20px 0",
              "text-align": "center",
              "background-color": "#f8f9fa",
              "margin-bottom": "20px"
            }
          },
          "components": [
            {
              "type": "heading",
              "tagName": "h1",
              "content": "混合 GrapesJS 和 XTemplate 组件",
              "attributes": {
                "style": {
                  "color": "#333",
                  "font-size": "32px"
                }
              }
            },
            {
              "type": "paragraph",
              "tagName": "p",
              "content": "欢迎 {{user.name}}，这是一个混合使用两种类型组件的示例",
              "attributes": {
                "style": {
                  "color": "#666",
                  "font-size": "16px",
                  "margin-top": "10px"
                }
              }
            }
          ]
        },
        {
          "type": "section",
          "tagName": "section",
          "attributes": {
            "class": "gjs-feature-section",
            "style": {
              "display": "flex",
              "flex-wrap": "wrap",
              "justify-content": "space-between",
              "margin-bottom": "30px"
            }
          },
          "components": [
            {
              "type": "feature",
              "tagName": "div",
              "attributes": {
                "class": "gjs-feature",
                "style": {
                  "width": "calc(25% - 20px)",
                  "padding": "20px",
                  "background-color": "#fff",
                  "box-shadow": "0 2px 4px rgba(0,0,0,0.1)",
                  "border-radius": "4px",
                  "text-align": "center"
                }
              },
              "components": [
                {
                  "type": "icon",
                  "tagName": "div",
                  "attributes": {
                    "class": "gjs-icon",
                    "style": {
                      "font-size": "48px",
                      "color": "#3498db",
                      "margin-bottom": "15px"
                    }
                  },
                  "content": "<i class=\"fa fa-star\"></i>"
                },
                {
                  "type": "heading",
                  "tagName": "h3",
                  "content": "特性 1",
                  "attributes": {
                    "style": {
                      "font-size": "20px",
                      "margin-bottom": "10px"
                    }
                  }
                },
                {
                  "type": "paragraph",
                  "tagName": "p",
                  "content": "这是特性 1 的描述文本，可以在这里添加更多内容。",
                  "attributes": {
                    "style": {
                      "font-size": "14px",
                      "color": "#777"
                    }
                  }
                }
              ]
            },
            {
              "type": "feature",
              "tagName": "div",
              "attributes": {
                "class": "gjs-feature",
                "style": {
                  "width": "calc(25% - 20px)",
                  "padding": "20px",
                  "background-color": "#fff",
                  "box-shadow": "0 2px 4px rgba(0,0,0,0.1)",
                  "border-radius": "4px",
                  "text-align": "center"
                }
              },
              "components": [
                {
                  "type": "icon",
                  "tagName": "div",
                  "attributes": {
                    "class": "gjs-icon",
                    "style": {
                      "font-size": "48px",
                      "color": "#3498db",
                      "margin-bottom": "15px"
                    }
                  },
                  "content": "<i class=\"fa fa-heart\"></i>"
                },
                {
                  "type": "heading",
                  "tagName": "h3",
                  "content": "特性 2",
                  "attributes": {
                    "style": {
                      "font-size": "20px",
                      "margin-bottom": "10px"
                    }
                  }
                },
                {
                  "type": "paragraph",
                  "tagName": "p",
                  "content": "这是特性 2 的描述文本，可以在这里添加更多内容。",
                  "attributes": {
                    "style": {
                      "font-size": "14px",
                      "color": "#777"
                    }
                  }
                }
              ]
            },
            {
              "type": "feature",
              "tagName": "div",
              "attributes": {
                "class": "gjs-feature",
                "style": {
                  "width": "calc(25% - 20px)",
                  "padding": "20px",
                  "background-color": "#fff",
                  "box-shadow": "0 2px 4px rgba(0,0,0,0.1)",
                  "border-radius": "4px",
                  "text-align": "center"
                }
              },
              "components": [
                {
                  "type": "icon",
                  "tagName": "div",
                  "attributes": {
                    "class": "gjs-icon",
                    "style": {
                      "font-size": "48px",
                      "color": "#3498db",
                      "margin-bottom": "15px"
                    }
                  },
                  "content": "<i class=\"fa fa-bell\"></i>"
                },
                {
                  "type": "heading",
                  "tagName": "h3",
                  "content": "特性 3",
                  "attributes": {
                    "style": {
                      "font-size": "20px",
                      "margin-bottom": "10px"
                    }
                  }
                },
                {
                  "type": "paragraph",
                  "tagName": "p",
                  "content": "这是特性 3 的描述文本，可以在这里添加更多内容。",
                  "attributes": {
                    "style": {
                      "font-size": "14px",
                      "color": "#777"
                    }
                  }
                }
              ]
            },
            {
              "type": "feature",
              "tagName": "div",
              "attributes": {
                "class": "gjs-feature",
                "style": {
                  "width": "calc(25% - 20px)",
                  "padding": "20px",
                  "background-color": "#fff",
                  "box-shadow": "0 2px 4px rgba(0,0,0,0.1)",
                  "border-radius": "4px",
                  "text-align": "center"
                }
              },
              "components": [
                {
                  "type": "icon",
                  "tagName": "div",
                  "attributes": {
                    "class": "gjs-icon",
                    "style": {
                      "font-size": "48px",
                      "color": "#3498db",
                      "margin-bottom": "15px"
                    }
                  },
                  "content": "<i class=\"fa fa-envelope\"></i>"
                },
                {
                  "type": "heading",
                  "tagName": "h3",
                  "content": "特性 4",
                  "attributes": {
                    "style": {
                      "font-size": "20px",
                      "margin-bottom": "10px"
                    }
                  }
                },
                {
                  "type": "paragraph",
                  "tagName": "p",
                  "content": "这是特性 4 的描述文本，可以在这里添加更多内容。",
                  "attributes": {
                    "style": {
                      "font-size": "14px",
                      "color": "#777"
                    }
                  }
                }
              ]
            }
          ]
        },
        {
          "type": "user-info",
          "tagName": "section",
          "attributes": {
            "class": "xt-user-info",
            "style": {
              "padding": "20px",
              "background-color": "#fff",
              "box-shadow": "0 2px 4px rgba(0,0,0,0.1)",
              "border-radius": "4px",
              "margin-bottom": "30px"
            }
          },
          "content": "\n                <h2 style=\"margin-top: 0;\">用户信息</h2>\n                <div style=\"display: flex; flex-wrap: wrap;\">\n                  <div style=\"flex: 1; min-width: 200px;\">\n                    <h3>个人资料</h3>\n                    <p><strong>姓名:</strong> {{user.name}}</p>\n                    <p><strong>年龄:</strong> {{user.age}}</p>\n                    {{#if user.email}}\n                      <p><strong>邮箱:</strong> {{user.email}}</p>\n                    {{/if}}\n                  </div>\n                  <div style=\"flex: 1; min-width: 200px;\">\n                    <h3>统计信息</h3>\n                    <p><strong>项目数量:</strong> {{items.length}}</p>\n                    {{#if user.lastLogin}}\n                      <p><strong>上次登录:</strong> {{user.lastLogin}}</p>\n                    {{else}}\n                      <p><strong>上次登录:</strong> 未知</p>\n                    {{/if}}\n                  </div>\n                </div>\n              "
        },
        {
          "type": "content",
          "tagName": "section",
          "attributes": {
            "class": "gjs-content-section",
            "style": {
              "display": "flex",
              "margin-bottom": "30px"
            }
          },
          "components": [
            {
              "type": "main-content",
              "tagName": "div",
              "attributes": {
                "class": "gjs-main-content",
                "style": {
                  "flex": "2",
                  "padding": "20px",
                  "background-color": "#fff",
                  "box-shadow": "0 2px 4px rgba(0,0,0,0.1)",
                  "border-radius": "4px",
                  "margin-right": "20px"
                }
              },
              "components": [
                {
                  "type": "article",
                  "tagName": "article",
                  "attributes": {
                    "class": "gjs-article",
                    "style": {
                      "margin-bottom": "25px",
                      "padding-bottom": "25px",
                      "border-bottom": "1px solid #eee"
                    }
                  },
                  "components": [
                    {
                      "type": "heading",
                      "tagName": "h2",
                      "content": "文章标题 1",
                      "attributes": {
                        "style": {
                          "font-size": "24px",
                          "margin-bottom": "15px",
                          "color": "#333"
                        }
                      }
                    },
                    {
                      "type": "paragraph",
                      "tagName": "p",
                      "content": "这是文章的内容，这里可以放置很多文字，说明文章的主要内容和观点。这只是示例文本，实际使用时会被替换为实际内容。",
                      "attributes": {
                        "style": {
                          "line-height": "1.6",
                          "margin-bottom": "15px"
                        }
                      }
                    },
                    {
                      "type": "paragraph",
                      "tagName": "p",
                      "content": "这是第二段落，提供更多的信息和细节。文章可以包含多个段落，以便更好地组织内容。",
                      "attributes": {
                        "style": {
                          "line-height": "1.6",
                          "margin-bottom": "15px"
                        }
                      }
                    },
                    {
                      "type": "button",
                      "tagName": "button",
                      "content": "阅读更多",
                      "attributes": {
                        "class": "gjs-button",
                        "style": {
                          "background": "#3498db",
                          "color": "#fff",
                          "border": "none",
                          "padding": "10px 15px",
                          "border-radius": "4px",
                          "cursor": "pointer"
                        }
                      }
                    }
                  ]
                },
                {
                  "type": "article",
                  "tagName": "article",
                  "attributes": {
                    "class": "gjs-article",
                    "style": {
                      "margin-bottom": "25px",
                      "padding-bottom": "25px",
                      "border-bottom": "1px solid #eee"
                    }
                  },
                  "components": [
                    {
                      "type": "heading",
                      "tagName": "h2",
                      "content": "文章标题 2",
                      "attributes": {
                        "style": {
                          "font-size": "24px",
                          "margin-bottom": "15px",
                          "color": "#333"
                        }
                      }
                    },
                    {
                      "type": "paragraph",
                      "tagName": "p",
                      "content": "这是文章的内容，这里可以放置很多文字，说明文章的主要内容和观点。这只是示例文本，实际使用时会被替换为实际内容。",
                      "attributes": {
                        "style": {
                          "line-height": "1.6",
                          "margin-bottom": "15px"
                        }
                      }
                    },
                    {
                      "type": "paragraph",
                      "tagName": "p",
                      "content": "这是第二段落，提供更多的信息和细节。文章可以包含多个段落，以便更好地组织内容。",
                      "attributes": {
                        "style": {
                          "line-height": "1.6",
                          "margin-bottom": "15px"
                        }
                      }
                    },
                    {
                      "type": "button",
                      "tagName": "button",
                      "content": "阅读更多",
                      "attributes": {
                        "class": "gjs-button",
                        "style": {
                          "background": "#3498db",
                          "color": "#fff",
                          "border": "none",
                          "padding": "10px 15px",
                          "border-radius": "4px",
                          "cursor": "pointer"
                        }
                      }
                    }
                  ]
                },
                {
                  "type": "article",
                  "tagName": "article",
                  "attributes": {
                    "class": "gjs-article",
                    "style": {
                      "margin-bottom": "25px",
                      "padding-bottom": "25px",
                      "border-bottom": "none"
                    }
                  },
                  "components": [
                    {
                      "type": "heading",
                      "tagName": "h2",
                      "content": "文章标题 3",
                      "attributes": {
                        "style": {
                          "font-size": "24px",
                          "margin-bottom": "15px",
                          "color": "#333"
                        }
                      }
                    },
                    {
                      "type": "paragraph",
                      "tagName": "p",
                      "content": "这是文章的内容，这里可以放置很多文字，说明文章的主要内容和观点。这只是示例文本，实际使用时会被替换为实际内容。",
                      "attributes": {
                        "style": {
                          "line-height": "1.6",
                          "margin-bottom": "15px"
                        }
                      }
                    },
                    {
                      "type": "paragraph",
                      "tagName": "p",
                      "content": "这是第二段落，提供更多的信息和细节。文章可以包含多个段落，以便更好地组织内容。",
                      "attributes": {
                        "style": {
                          "line-height": "1.6",
                          "margin-bottom": "15px"
                        }
                      }
                    },
                    {
                      "type": "button",
                      "tagName": "button",
                      "content": "阅读更多",
                      "attributes": {
                        "class": "gjs-button",
                        "style": {
                          "background": "#3498db",
                          "color": "#fff",
                          "border": "none",
                          "padding": "10px 15px",
                          "border-radius": "4px",
                          "cursor": "pointer"
                        }
                      }
                    }
                  ]
                }
              ]
            },
            {
              "type": "sidebar",
              "tagName": "aside",
              "attributes": {
                "class": "gjs-sidebar",
                "style": {
                  "flex": "1",
                  "padding": "20px",
                  "background-color": "#fff",
                  "box-shadow": "0 2px 4px rgba(0,0,0,0.1)",
                  "border-radius": "4px"
                }
              },
              "components": [
                {
                  "type": "heading",
                  "tagName": "h3",
                  "content": "侧边栏",
                  "attributes": {
                    "style": {
                      "font-size": "20px",
                      "margin-bottom": "15px",
                      "padding-bottom": "10px",
                      "border-bottom": "1px solid #eee"
                    }
                  }
                },
                {
                  "type": "list",
                  "tagName": "ul",
                  "attributes": {
                    "class": "gjs-list",
                    "style": {
                      "list-style": "none",
                      "padding": "0",
                      "margin": "0"
                    }
                  },
                  "components": [
                    {
                      "type": "list-item",
                      "tagName": "li",
                      "attributes": {
                        "style": {
                          "padding": "10px 0",
                          "border-bottom": "1px solid #f5f5f5"
                        }
                      },
                      "components": [
                        {
                          "type": "link",
                          "tagName": "a",
                          "content": "链接项目 1",
                          "attributes": {
                            "href": "#",
                            "style": {
                              "color": "#3498db",
                              "text-decoration": "none"
                            }
                          }
                        }
                      ]
                    },
                    {
                      "type": "list-item",
                      "tagName": "li",
                      "attributes": {
                        "style": {
                          "padding": "10px 0",
                          "border-bottom": "1px solid #f5f5f5"
                        }
                      },
                      "components": [
                        {
                          "type": "link",
                          "tagName": "a",
                          "content": "链接项目 2",
                          "attributes": {
                            "href": "#",
                            "style": {
                              "color": "#3498db",
                              "text-decoration": "none"
                            }
                          }
                        }
                      ]
                    },
                    {
                      "type": "list-item",
                      "tagName": "li",
                      "attributes": {
                        "style": {
                          "padding": "10px 0",
                          "border-bottom": "1px solid #f5f5f5"
                        }
                      },
                      "components": [
                        {
                          "type": "link",
                          "tagName": "a",
                          "content": "链接项目 3",
                          "attributes": {
                            "href": "#",
                            "style": {
                              "color": "#3498db",
                              "text-decoration": "none"
                            }
                          }
                        }
                      ]
                    },
                    {
                      "type": "list-item",
                      "tagName": "li",
                      "attributes": {
                        "style": {
                          "padding": "10px 0",
                          "border-bottom": "1px solid #f5f5f5"
                        }
                      },
                      "components": [
                        {
                          "type": "link",
                          "tagName": "a",
                          "content": "链接项目 4",
                          "attributes": {
                            "href": "#",
                            "style": {
                              "color": "#3498db",
                              "text-decoration": "none"
                            }
                          }
                        }
                      ]
                    },
                    {
                      "type": "list-item",
                      "tagName": "li",
                      "attributes": {
                        "style": {
                          "padding": "10px 0",
                          "border-bottom": "none"
                        }
                      },
                      "components": [
                        {
                          "type": "link",
                          "tagName": "a",
                          "content": "链接项目 5",
                          "attributes": {
                            "href": "#",
                            "style": {
                              "color": "#3498db",
                              "text-decoration": "none"
                            }
                          }
                        }
                      ]
                    }
                  ]
                },
                {
                  "type": "widget",
                  "tagName": "div",
                  "attributes": {
                    "class": "gjs-widget",
                    "style": {
                      "margin-top": "20px",
                      "padding": "15px",
                      "background-color": "#f8f9fa",
                      "border-radius": "4px"
                    }
                  },
                  "components": [
                    {
                      "type": "heading",
                      "tagName": "h4",
                      "content": "关于我们",
                      "attributes": {
                        "style": {
                          "font-size": "16px",
                          "margin-bottom": "10px"
                        }
                      }
                    },
                    {
                      "type": "paragraph",
                      "tagName": "p",
                      "content": "这是一个关于我们的小部件，提供有关网站或公司的简短描述。",
                      "attributes": {
                        "style": {
                          "font-size": "14px",
                          "color": "#777"
                        }
                      }
                    }
                  ]
                }
              ]
            }
          ]
        },
        {
          "type": "section",
          "tagName": "section",
          "attributes": {
            "class": "xt-list-section",
            "style": {
              "margin-bottom": "30px"
            }
          },
          "components": [
            {
              "type": "heading",
              "tagName": "h2",
              "content": "项目列表",
              "attributes": {
                "style": {
                  "font-size": "24px",
                  "margin-bottom": "15px"
                }
              }
            },
            {
              "type": "list",
              "tagName": "ul",
              "attributes": {
                "class": "xt-list",
                "style": {
                  "list-style": "none",
                  "padding": "0",
                  "margin": "0"
                }
              },
              "content": "\n                    {{#each items}}\n                      <li style=\"padding: 15px; margin-bottom: 10px; background-color: #fff; box-shadow: 0 2px 4px rgba(0,0,0,0.1); border-radius: 4px;\">\n                        <h3 style=\"margin-top: 0; margin-bottom: 10px;\">{{name}}</h3>\n                        <p style=\"margin: 0;\">项目 ID: {{id}}</p>\n                      </li>\n                    {{/each}}\n                  "
            }
          ]
        },
        {
          "type": "footer",
          "tagName": "footer",
          "attributes": {
            "style": {
              "background-color": "#2c3e50",
              "color": "#ecf0f1",
              "padding": "20px",
              "text-align": "center"
            }
          },
          "content": "\n              <div>\n                <p>© 2025 混合示例。版权所有。</p>\n                <p>当前有 {{items.length}} 个项目</p>\n                <p>性能测试：渲染了大量组件</p>\n              </div>\n            "
        },
        {
          "type": "performance-test",
          "tagName": "section",
          "attributes": {
            "class": "test-section-0",
            "style": {
              "padding": "15px",
              "margin-bottom": "10px",
              "background-color": "#f8f9fa",
              "border-radius": "4px"
            }
          },
          "components": [
            {
              "type": "heading",
              "tagName": "h3",
              "content": "性能测试段落 1",
              "attributes": {
                "style": {
                  "margin-top": "0",
                  "font-size": "18px"
                }
              }
            },
            {
              "type": "container",
              "tagName": "div",
              "attributes": {
                "style": {
                  "display": "flex",
                  "flex-wrap": "wrap",
                  "gap": "10px"
                }
              },
              "components": [
                {
                  "type": "grapesjs-item",
                  "tagName": "div",
                  "attributes": {
                    "style": {
                      "flex": "1",
                      "min-width": "150px",
                      "padding": "10px",
                      "background-color": "#f0f0f0",
                      "border-radius": "4px"
                    }
                  },
                  "content": "性能测试项 1 - GrapesJS"
                },
                {
                  "type": "grapesjs-item",
                  "tagName": "div",
                  "attributes": {
                    "style": {
                      "flex": "1",
                      "min-width": "150px",
                      "padding": "10px",
                      "background-color": "#f0f0f0",
                      "border-radius": "4px"
                    }
                  },
                  "content": "性能测试项 2 - GrapesJS"
                },
                {
                  "type": "grapesjs-item",
                  "tagName": "div",
                  "attributes": {
                    "style": {
                      "flex": "1",
                      "min-width": "150px",
                      "padding": "10px",
                      "background-color": "#f0f0f0",
                      "border-radius": "4px"
                    }
                  },
                  "content": "性能测试项 3 - GrapesJS"
                },
                {
                  "type": "grapesjs-item",
                  "tagName": "div",
                  "attributes": {
                    "style": {
                      "flex": "1",
                      "min-width": "150px",
                      "padding": "10px",
                      "background-color": "#f0f0f0",
                      "border-radius": "4px"
                    }
                  },
                  "content": "性能测试项 4 - GrapesJS"
                },
                {
                  "type": "grapesjs-item",
                  "tagName": "div",
                  "attributes": {
                    "style": {
                      "flex": "1",
                      "min-width": "150px",
                      "padding": "10px",
                      "background-color": "#f0f0f0",
                      "border-radius": "4px"
                    }
                  },
                  "content": "性能测试项 5 - GrapesJS"
                }
              ]
            }
          ]
        },
        {
          "type": "performance-test",
          "tagName": "section",
          "attributes": {
            "class": "test-section-1",
            "style": {
              "padding": "15px",
              "margin-bottom": "10px",
              "background-color": "#fff",
              "border-radius": "4px"
            }
          },
          "components": [
            {
              "type": "heading",
              "tagName": "h3",
              "content": "性能测试段落 2",
              "attributes": {
                "style": {
                  "margin-top": "0",
                  "font-size": "18px"
                }
              }
            },
            {
              "type": "container",
              "tagName": "div",
              "attributes": {
                "style": {
                  "display": "flex",
                  "flex-wrap": "wrap",
                  "gap": "10px"
                }
              },
              "components": [
                {
                  "type": "xtemplate-item",
                  "tagName": "div",
                  "attributes": {
                    "style": {
                      "flex": "1",
                      "min-width": "150px",
                      "padding": "10px",
                      "background-color": "#f0f0f0",
                      "border-radius": "4px"
                    }
                  },
                  "content": "{{#if items.0}}项目名: {{items.0.name}}{{else}}项目 1{{/if}}"
                },
                {
                  "type": "xtemplate-item",
                  "tagName": "div",
                  "attributes": {
                    "style": {
                      "flex": "1",
                      "min-width": "150px",
                      "padding": "10px",
                      "background-color": "#f0f0f0",
                      "border-radius": "4px"
                    }
                  },
                  "content": "{{#if items.1}}项目名: {{items.1.name}}{{else}}项目 2{{/if}}"
                },
                {
                  "type": "xtemplate-item",
                  "tagName": "div",
                  "attributes": {
                    "style": {
                      "flex": "1",
                      "min-width": "150px",
                      "padding": "10px",
                      "background-color": "#f0f0f0",
                      "border-radius": "4px"
                    }
                  },
                  "content": "{{#if items.2}}项目名: {{items.2.name}}{{else}}项目 3{{/if}}"
                },
                {
                  "type": "xtemplate-item",
                  "tagName": "div",
                  "attributes": {
                    "style": {
                      "flex": "1",
                      "min-width": "150px",
                      "padding": "10px",
                      "background-color": "#f0f0f0",
                      "border-radius": "4px"
                    }
                  },
                  "content": "{{#if items.3}}项目名: {{items.3.name}}{{else}}项目 4{{/if}}"
                },
                {
                  "type": "xtemplate-item",
                  "tagName": "div",
                  "attributes": {
                    "style": {
                      "flex": "1",
                      "min-width": "150px",
                      "padding": "10px",
                      "background-color": "#f0f0f0",
                      "border-radius": "4px"
                    }
                  },
                  "content": "{{#if items.4}}项目名: {{items.4.name}}{{else}}项目 5{{/if}}"
                }
              ]
            }
          ]
        },
        {
          "type": "performance-test",
          "tagName": "section",
          "attributes": {
            "class": "test-section-2",
            "style": {
              "padding": "15px",
              "margin-bottom": "10px",
              "background-color": "#f8f9fa",
              "border-radius": "4px"
            }
          },
          "components": [
            {
              "type": "heading",
              "tagName": "h3",
              "content": "性能测试段落 3",
              "attributes": {
                "style": {
                  "margin-top": "0",
                  "font-size": "18px"
                }
              }
            },
            {
              "type": "container",
              "tagName": "div",
              "attributes": {
                "style": {
                  "display": "flex",
                  "flex-wrap": "wrap",
                  "gap": "10px"
                }
              },
              "components": [
                {
                  "type": "grapesjs-item",
                  "tagName": "div",
                  "attributes": {
                    "style": {
                      "flex": "1",
                      "min-width": "150px",
                      "padding": "10px",
                      "background-color": "#f0f0f0",
                      "border-radius": "4px"
                    }
                  },
                  "content": "性能测试项 1 - GrapesJS"
                },
                {
                  "type": "grapesjs-item",
                  "tagName": "div",
                  "attributes": {
                    "style": {
                      "flex": "1",
                      "min-width": "150px",
                      "padding": "10px",
                      "background-color": "#f0f0f0",
                      "border-radius": "4px"
                    }
                  },
                  "content": "性能测试项 2 - GrapesJS"
                },
                {
                  "type": "grapesjs-item",
                  "tagName": "div",
                  "attributes": {
                    "style": {
                      "flex": "1",
                      "min-width": "150px",
                      "padding": "10px",
                      "background-color": "#f0f0f0",
                      "border-radius": "4px"
                    }
                  },
                  "content": "性能测试项 3 - GrapesJS"
                },
                {
                  "type": "grapesjs-item",
                  "tagName": "div",
                  "attributes": {
                    "style": {
                      "flex": "1",
                      "min-width": "150px",
                      "padding": "10px",
                      "background-color": "#f0f0f0",
                      "border-radius": "4px"
                    }
                  },
                  "content": "性能测试项 4 - GrapesJS"
                },
                {
                  "type": "grapesjs-item",
                  "tagName": "div",
                  "attributes": {
                    "style": {
                      "flex": "1",
                      "min-width": "150px",
                      "padding": "10px",
                      "background-color": "#f0f0f0",
                      "border-radius": "4px"
                    }
                  },
                  "content": "性能测试项 5 - GrapesJS"
                }
              ]
            }
          ]
        },
        {
          "type": "performance-test",
          "tagName": "section",
          "attributes": {
            "class": "test-section-3",
            "style": {
              "padding": "15px",
              "margin-bottom": "10px",
              "background-color": "#fff",
              "border-radius": "4px"
            }
          },
          "components": [
            {
              "type": "heading",
              "tagName": "h3",
              "content": "性能测试段落 4",
              "attributes": {
                "style": {
                  "margin-top": "0",
                  "font-size": "18px"
                }
              }
            },
            {
              "type": "container",
              "tagName": "div",
              "attributes": {
                "style": {
                  "display": "flex",
                  "flex-wrap": "wrap",
                  "gap": "10px"
                }
              },
              "components": [
                {
                  "type": "xtemplate-item",
                  "tagName": "div",
                  "attributes": {
                    "style": {
                      "flex": "1",
                      "min-width": "150px",
                      "padding": "10px",
                      "background-color": "#f0f0f0",
                      "border-radius": "4px"
                    }
                  },
                  "content": "{{#if items.0}}项目名: {{items.0.name}}{{else}}项目 1{{/if}}"
                },
                {
                  "type": "xtemplate-item",
                  "tagName": "div",
                  "attributes": {
                    "style": {
                      "flex": "1",
                      "min-width": "150px",
                      "padding": "10px",
                      "background-color": "#f0f0f0",
                      "border-radius": "4px"
                    }
                  },
                  "content": "{{#if items.1}}项目名: {{items.1.name}}{{else}}项目 2{{/if}}"
                },
                {
                  "type": "xtemplate-item",
                  "tagName": "div",
                  "attributes": {
                    "style": {
                      "flex": "1",
                      "min-width": "150px",
                      "padding": "10px",
                      "background-color": "#f0f0f0",
                      "border-radius": "4px"
                    }
                  },
                  "content": "{{#if items.2}}项目名: {{items.2.name}}{{else}}项目 3{{/if}}"
                },
                {
                  "type": "xtemplate-item",
                  "tagName": "div",
                  "attributes": {
                    "style": {
                      "flex": "1",
                      "min-width": "150px",
                      "padding": "10px",
                      "background-color": "#f0f0f0",
                      "border-radius": "4px"
                    }
                  },
                  "content": "{{#if items.3}}项目名: {{items.3.name}}{{else}}项目 4{{/if}}"
                },
                {
                  "type": "xtemplate-item",
                  "tagName": "div",
                  "attributes": {
                    "style": {
                      "flex": "1",
                      "min-width": "150px",
                      "padding": "10px",
                      "background-color": "#f0f0f0",
                      "border-radius": "4px"
                    }
                  },
                  "content": "{{#if items.4}}项目名: {{items.4.name}}{{else}}项目 5{{/if}}"
                }
              ]
            }
          ]
        },
        {
          "type": "performance-test",
          "tagName": "section",
          "attributes": {
            "class": "test-section-4",
            "style": {
              "padding": "15px",
              "margin-bottom": "10px",
              "background-color": "#f8f9fa",
              "border-radius": "4px"
            }
          },
          "components": [
            {
              "type": "heading",
              "tagName": "h3",
              "content": "性能测试段落 5",
              "attributes": {
                "style": {
                  "margin-top": "0",
                  "font-size": "18px"
                }
              }
            },
            {
              "type": "container",
              "tagName": "div",
              "attributes": {
                "style": {
                  "display": "flex",
                  "flex-wrap": "wrap",
                  "gap": "10px"
                }
              },
              "components": [
                {
                  "type": "grapesjs-item",
                  "tagName": "div",
                  "attributes": {
                    "style": {
                      "flex": "1",
                      "min-width": "150px",
                      "padding": "10px",
                      "background-color": "#f0f0f0",
                      "border-radius": "4px"
                    }
                  },
                  "content": "性能测试项 1 - GrapesJS"
                },
                {
                  "type": "grapesjs-item",
                  "tagName": "div",
                  "attributes": {
                    "style": {
                      "flex": "1",
                      "min-width": "150px",
                      "padding": "10px",
                      "background-color": "#f0f0f0",
                      "border-radius": "4px"
                    }
                  },
                  "content": "性能测试项 2 - GrapesJS"
                },
                {
                  "type": "grapesjs-item",
                  "tagName": "div",
                  "attributes": {
                    "style": {
                      "flex": "1",
                      "min-width": "150px",
                      "padding": "10px",
                      "background-color": "#f0f0f0",
                      "border-radius": "4px"
                    }
                  },
                  "content": "性能测试项 3 - GrapesJS"
                },
                {
                  "type": "grapesjs-item",
                  "tagName": "div",
                  "attributes": {
                    "style": {
                      "flex": "1",
                      "min-width": "150px",
                      "padding": "10px",
                      "background-color": "#f0f0f0",
                      "border-radius": "4px"
                    }
                  },
                  "content": "性能测试项 4 - GrapesJS"
                },
                {
                  "type": "grapesjs-item",
                  "tagName": "div",
                  "attributes": {
                    "style": {
                      "flex": "1",
                      "min-width": "150px",
                      "padding": "10px",
                      "background-color": "#f0f0f0",
                      "border-radius": "4px"
                    }
                  },
                  "content": "性能测试项 5 - GrapesJS"
                }
              ]
            }
          ]
        },
        {
          "type": "performance-test",
          "tagName": "section",
          "attributes": {
            "class": "test-section-5",
            "style": {
              "padding": "15px",
              "margin-bottom": "10px",
              "background-color": "#fff",
              "border-radius": "4px"
            }
          },
          "components": [
            {
              "type": "heading",
              "tagName": "h3",
              "content": "性能测试段落 6",
              "attributes": {
                "style": {
                  "margin-top": "0",
                  "font-size": "18px"
                }
              }
            },
            {
              "type": "container",
              "tagName": "div",
              "attributes": {
                "style": {
                  "display": "flex",
                  "flex-wrap": "wrap",
                  "gap": "10px"
                }
              },
              "components": [
                {
                  "type": "xtemplate-item",
                  "tagName": "div",
                  "attributes": {
                    "style": {
                      "flex": "1",
                      "min-width": "150px",
                      "padding": "10px",
                      "background-color": "#f0f0f0",
                      "border-radius": "4px"
                    }
                  },
                  "content": "{{#if items.0}}项目名: {{items.0.name}}{{else}}项目 1{{/if}}"
                },
                {
                  "type": "xtemplate-item",
                  "tagName": "div",
                  "attributes": {
                    "style": {
                      "flex": "1",
                      "min-width": "150px",
                      "padding": "10px",
                      "background-color": "#f0f0f0",
                      "border-radius": "4px"
                    }
                  },
                  "content": "{{#if items.1}}项目名: {{items.1.name}}{{else}}项目 2{{/if}}"
                },
                {
                  "type": "xtemplate-item",
                  "tagName": "div",
                  "attributes": {
                    "style": {
                      "flex": "1",
                      "min-width": "150px",
                      "padding": "10px",
                      "background-color": "#f0f0f0",
                      "border-radius": "4px"
                    }
                  },
                  "content": "{{#if items.2}}项目名: {{items.2.name}}{{else}}项目 3{{/if}}"
                },
                {
                  "type": "xtemplate-item",
                  "tagName": "div",
                  "attributes": {
                    "style": {
                      "flex": "1",
                      "min-width": "150px",
                      "padding": "10px",
                      "background-color": "#f0f0f0",
                      "border-radius": "4px"
                    }
                  },
                  "content": "{{#if items.3}}项目名: {{items.3.name}}{{else}}项目 4{{/if}}"
                },
                {
                  "type": "xtemplate-item",
                  "tagName": "div",
                  "attributes": {
                    "style": {
                      "flex": "1",
                      "min-width": "150px",
                      "padding": "10px",
                      "background-color": "#f0f0f0",
                      "border-radius": "4px"
                    }
                  },
                  "content": "{{#if items.4}}项目名: {{items.4.name}}{{else}}项目 5{{/if}}"
                }
              ]
            }
          ]
        },
        {
          "type": "performance-test",
          "tagName": "section",
          "attributes": {
            "class": "test-section-6",
            "style": {
              "padding": "15px",
              "margin-bottom": "10px",
              "background-color": "#f8f9fa",
              "border-radius": "4px"
            }
          },
          "components": [
            {
              "type": "heading",
              "tagName": "h3",
              "content": "性能测试段落 7",
              "attributes": {
                "style": {
                  "margin-top": "0",
                  "font-size": "18px"
                }
              }
            },
            {
              "type": "container",
              "tagName": "div",
              "attributes": {
                "style": {
                  "display": "flex",
                  "flex-wrap": "wrap",
                  "gap": "10px"
                }
              },
              "components": [
                {
                  "type": "grapesjs-item",
                  "tagName": "div",
                  "attributes": {
                    "style": {
                      "flex": "1",
                      "min-width": "150px",
                      "padding": "10px",
                      "background-color": "#f0f0f0",
                      "border-radius": "4px"
                    }
                  },
                  "content": "性能测试项 1 - GrapesJS"
                },
                {
                  "type": "grapesjs-item",
                  "tagName": "div",
                  "attributes": {
                    "style": {
                      "flex": "1",
                      "min-width": "150px",
                      "padding": "10px",
                      "background-color": "#f0f0f0",
                      "border-radius": "4px"
                    }
                  },
                  "content": "性能测试项 2 - GrapesJS"
                },
                {
                  "type": "grapesjs-item",
                  "tagName": "div",
                  "attributes": {
                    "style": {
                      "flex": "1",
                      "min-width": "150px",
                      "padding": "10px",
                      "background-color": "#f0f0f0",
                      "border-radius": "4px"
                    }
                  },
                  "content": "性能测试项 3 - GrapesJS"
                },
                {
                  "type": "grapesjs-item",
                  "tagName": "div",
                  "attributes": {
                    "style": {
                      "flex": "1",
                      "min-width": "150px",
                      "padding": "10px",
                      "background-color": "#f0f0f0",
                      "border-radius": "4px"
                    }
                  },
                  "content": "性能测试项 4 - GrapesJS"
                },
                {
                  "type": "grapesjs-item",
                  "tagName": "div",
                  "attributes": {
                    "style": {
                      "flex": "1",
                      "min-width": "150px",
                      "padding": "10px",
                      "background-color": "#f0f0f0",
                      "border-radius": "4px"
                    }
                  },
                  "content": "性能测试项 5 - GrapesJS"
                }
              ]
            }
          ]
        },
        {
          "type": "performance-test",
          "tagName": "section",
          "attributes": {
            "class": "test-section-7",
            "style": {
              "padding": "15px",
              "margin-bottom": "10px",
              "background-color": "#fff",
              "border-radius": "4px"
            }
          },
          "components": [
            {
              "type": "heading",
              "tagName": "h3",
              "content": "性能测试段落 8",
              "attributes": {
                "style": {
                  "margin-top": "0",
                  "font-size": "18px"
                }
              }
            },
            {
              "type": "container",
              "tagName": "div",
              "attributes": {
                "style": {
                  "display": "flex",
                  "flex-wrap": "wrap",
                  "gap": "10px"
                }
              },
              "components": [
                {
                  "type": "xtemplate-item",
                  "tagName": "div",
                  "attributes": {
                    "style": {
                      "flex": "1",
                      "min-width": "150px",
                      "padding": "10px",
                      "background-color": "#f0f0f0",
                      "border-radius": "4px"
                    }
                  },
                  "content": "{{#if items.0}}项目名: {{items.0.name}}{{else}}项目 1{{/if}}"
                },
                {
                  "type": "xtemplate-item",
                  "tagName": "div",
                  "attributes": {
                    "style": {
                      "flex": "1",
                      "min-width": "150px",
                      "padding": "10px",
                      "background-color": "#f0f0f0",
                      "border-radius": "4px"
                    }
                  },
                  "content": "{{#if items.1}}项目名: {{items.1.name}}{{else}}项目 2{{/if}}"
                },
                {
                  "type": "xtemplate-item",
                  "tagName": "div",
                  "attributes": {
                    "style": {
                      "flex": "1",
                      "min-width": "150px",
                      "padding": "10px",
                      "background-color": "#f0f0f0",
                      "border-radius": "4px"
                    }
                  },
                  "content": "{{#if items.2}}项目名: {{items.2.name}}{{else}}项目 3{{/if}}"
                },
                {
                  "type": "xtemplate-item",
                  "tagName": "div",
                  "attributes": {
                    "style": {
                      "flex": "1",
                      "min-width": "150px",
                      "padding": "10px",
                      "background-color": "#f0f0f0",
                      "border-radius": "4px"
                    }
                  },
                  "content": "{{#if items.3}}项目名: {{items.3.name}}{{else}}项目 4{{/if}}"
                },
                {
                  "type": "xtemplate-item",
                  "tagName": "div",
                  "attributes": {
                    "style": {
                      "flex": "1",
                      "min-width": "150px",
                      "padding": "10px",
                      "background-color": "#f0f0f0",
                      "border-radius": "4px"
                    }
                  },
                  "content": "{{#if items.4}}项目名: {{items.4.name}}{{else}}项目 5{{/if}}"
                }
              ]
            }
          ]
        },
        {
          "type": "performance-test",
          "tagName": "section",
          "attributes": {
            "class": "test-section-8",
            "style": {
              "padding": "15px",
              "margin-bottom": "10px",
              "background-color": "#f8f9fa",
              "border-radius": "4px"
            }
          },
          "components": [
            {
              "type": "heading",
              "tagName": "h3",
              "content": "性能测试段落 9",
              "attributes": {
                "style": {
                  "margin-top": "0",
                  "font-size": "18px"
                }
              }
            },
            {
              "type": "container",
              "tagName": "div",
              "attributes": {
                "style": {
                  "display": "flex",
                  "flex-wrap": "wrap",
                  "gap": "10px"
                }
              },
              "components": [
                {
                  "type": "grapesjs-item",
                  "tagName": "div",
                  "attributes": {
                    "style": {
                      "flex": "1",
                      "min-width": "150px",
                      "padding": "10px",
                      "background-color": "#f0f0f0",
                      "border-radius": "4px"
                    }
                  },
                  "content": "性能测试项 1 - GrapesJS"
                },
                {
                  "type": "grapesjs-item",
                  "tagName": "div",
                  "attributes": {
                    "style": {
                      "flex": "1",
                      "min-width": "150px",
                      "padding": "10px",
                      "background-color": "#f0f0f0",
                      "border-radius": "4px"
                    }
                  },
                  "content": "性能测试项 2 - GrapesJS"
                },
                {
                  "type": "grapesjs-item",
                  "tagName": "div",
                  "attributes": {
                    "style": {
                      "flex": "1",
                      "min-width": "150px",
                      "padding": "10px",
                      "background-color": "#f0f0f0",
                      "border-radius": "4px"
                    }
                  },
                  "content": "性能测试项 3 - GrapesJS"
                },
                {
                  "type": "grapesjs-item",
                  "tagName": "div",
                  "attributes": {
                    "style": {
                      "flex": "1",
                      "min-width": "150px",
                      "padding": "10px",
                      "background-color": "#f0f0f0",
                      "border-radius": "4px"
                    }
                  },
                  "content": "性能测试项 4 - GrapesJS"
                },
                {
                  "type": "grapesjs-item",
                  "tagName": "div",
                  "attributes": {
                    "style": {
                      "flex": "1",
                      "min-width": "150px",
                      "padding": "10px",
                      "background-color": "#f0f0f0",
                      "border-radius": "4px"
                    }
                  },
                  "content": "性能测试项 5 - GrapesJS"
                }
              ]
            }
          ]
        },
        {
          "type": "performance-test",
          "tagName": "section",
          "attributes": {
            "class": "test-section-9",
            "style": {
              "padding": "15px",
              "margin-bottom": "10px",
              "background-color": "#fff",
              "border-radius": "4px"
            }
          },
          "components": [
            {
              "type": "heading",
              "tagName": "h3",
              "content": "性能测试段落 10",
              "attributes": {
                "style": {
                  "margin-top": "0",
                  "font-size": "18px"
                }
              }
            },
            {
              "type": "container",
              "tagName": "div",
              "attributes": {
                "style": {
                  "display": "flex",
                  "flex-wrap": "wrap",
                  "gap": "10px"
                }
              },
              "components": [
                {
                  "type": "xtemplate-item",
                  "tagName": "div",
                  "attributes": {
                    "style": {
                      "flex": "1",
                      "min-width": "150px",
                      "padding": "10px",
                      "background-color": "#f0f0f0",
                      "border-radius": "4px"
                    }
                  },
                  "content": "{{#if items.0}}项目名: {{items.0.name}}{{else}}项目 1{{/if}}"
                },
                {
                  "type": "xtemplate-item",
                  "tagName": "div",
                  "attributes": {
                    "style": {
                      "flex": "1",
                      "min-width": "150px",
                      "padding": "10px",
                      "background-color": "#f0f0f0",
                      "border-radius": "4px"
                    }
                  },
                  "content": "{{#if items.1}}项目名: {{items.1.name}}{{else}}项目 2{{/if}}"
                },
                {
                  "type": "xtemplate-item",
                  "tagName": "div",
                  "attributes": {
                    "style": {
                      "flex": "1",
                      "min-width": "150px",
                      "padding": "10px",
                      "background-color": "#f0f0f0",
                      "border-radius": "4px"
                    }
                  },
                  "content": "{{#if items.2}}项目名: {{items.2.name}}{{else}}项目 3{{/if}}"
                },
                {
                  "type": "xtemplate-item",
                  "tagName": "div",
                  "attributes": {
                    "style": {
                      "flex": "1",
                      "min-width": "150px",
                      "padding": "10px",
                      "background-color": "#f0f0f0",
                      "border-radius": "4px"
                    }
                  },
                  "content": "{{#if items.3}}项目名: {{items.3.name}}{{else}}项目 4{{/if}}"
                },
                {
                  "type": "xtemplate-item",
                  "tagName": "div",
                  "attributes": {
                    "style": {
                      "flex": "1",
                      "min-width": "150px",
                      "padding": "10px",
                      "background-color": "#f0f0f0",
                      "border-radius": "4px"
                    }
                  },
                  "content": "{{#if items.4}}项目名: {{items.4.name}}{{else}}项目 5{{/if}}"
                }
              ]
            }
          ]
        }
      ]
    }
  ],
  "styles": [
    {
      "selectors": [
        "body"
      ],
      "style": {
        "margin": 0,
        "padding": 0,
        "font-family": "Arial, sans-serif",
        "background-color": "#f5f5f5",
        "color": "#333"
      }
    },
    {
      "selectors": [
        ".gjs-button:hover"
      ],
      "style": {
        "background-color": "#2980b9"
      }
    },
    {
      "selectors": [
        "body"
      ],
      "style": {
        "margin": 0,
        "padding": 0,
        "font-family": "Arial, sans-serif",
        "background-color": "#f5f5f5",
        "color": "#333"
      }
    }
  ],
  "assets": []
}