{
  "components": [
    {
      "type": "wrapper",
      "tagName": "div",
      "attributes": {
        "id": "wrapper",
        "class": "xt-wrapper",
        "style": {
          "width": "100%",
          "max-width": "1200px",
          "margin": "0 auto",
          "padding": "20px"
        }
      },
      "components": [
        {
          "type": "header",
          "tagName": "header",
          "attributes": {
            "class": "xt-header",
            "style": {
              "padding": "20px 0",
              "text-align": "center",
              "background-color": "#f8f9fa",
              "margin-bottom": "20px"
            }
          },
          "components": [
            {
              "type": "heading",
              "tagName": "h1",
              "content": "{{title}}",
              "attributes": {
                "style": {
                  "color": "#333",
                  "font-size": "32px"
                }
              }
            },
            {
              "type": "paragraph",
              "tagName": "p",
              "content": "欢迎 {{user.name}}，这是一个使用 XTemplate 构建的页面示例",
              "attributes": {
                "style": {
                  "color": "#666",
                  "font-size": "16px",
                  "margin-top": "10px"
                }
              }
            }
          ]
        },
        {
          "type": "section",
          "tagName": "section",
          "attributes": {
            "class": "xt-list-section",
            "style": {
              "margin-bottom": "30px"
            }
          },
          "components": [
            {
              "type": "heading",
              "tagName": "h2",
              "content": "项目列表",
              "attributes": {
                "style": {
                  "font-size": "24px",
                  "margin-bottom": "15px"
                }
              }
            },
            {
              "type": "list",
              "tagName": "ul",
              "attributes": {
                "class": "xt-list",
                "style": {
                  "list-style": "none",
                  "padding": "0",
                  "margin": "0"
                }
              },
              "content": "\n                    {{#each items}}\n                      <li style=\"padding: 15px; margin-bottom: 10px; background-color: #fff; box-shadow: 0 2px 4px rgba(0,0,0,0.1); border-radius: 4px;\">\n                        <h3 style=\"margin-top: 0; margin-bottom: 10px;\">{{name}}</h3>\n                        <p style=\"margin: 0;\">项目 ID: {{id}}</p>\n                      </li>\n                    {{/each}}\n                  "
            }
          ]
        },
        {
          "type": "user-info",
          "tagName": "section",
          "attributes": {
            "class": "xt-user-info",
            "style": {
              "padding": "20px",
              "background-color": "#fff",
              "box-shadow": "0 2px 4px rgba(0,0,0,0.1)",
              "border-radius": "4px",
              "margin-bottom": "30px"
            }
          },
          "content": "\n                <h2 style=\"margin-top: 0;\">用户信息</h2>\n                <div style=\"display: flex; flex-wrap: wrap;\">\n                  <div style=\"flex: 1; min-width: 200px;\">\n                    <h3>个人资料</h3>\n                    <p><strong>姓名:</strong> {{user.name}}</p>\n                    <p><strong>年龄:</strong> {{user.age}}</p>\n                    {{#if user.email}}\n                      <p><strong>邮箱:</strong> {{user.email}}</p>\n                    {{/if}}\n                  </div>\n                  <div style=\"flex: 1; min-width: 200px;\">\n                    <h3>统计信息</h3>\n                    <p><strong>项目数量:</strong> {{items.length}}</p>\n                    {{#if user.lastLogin}}\n                      <p><strong>上次登录:</strong> {{user.lastLogin}}</p>\n                    {{else}}\n                      <p><strong>上次登录:</strong> 未知</p>\n                    {{/if}}\n                  </div>\n                </div>\n              "
        },
        {
          "type": "content",
          "tagName": "section",
          "attributes": {
            "class": "xt-content",
            "style": {
              "margin-bottom": "30px"
            }
          },
          "components": [
            {
              "type": "heading",
              "tagName": "h2",
              "content": "{{content}}",
              "attributes": {
                "style": {
                  "font-size": "24px",
                  "margin-bottom": "15px"
                }
              }
            },
            {
              "type": "rich-content",
              "tagName": "div",
              "attributes": {
                "class": "xt-rich-content",
                "style": {
                  "padding": "20px",
                  "background-color": "#fff",
                  "box-shadow": "0 2px 4px rgba(0,0,0,0.1)",
                  "border-radius": "4px"
                }
              },
              "content": "\n                    <p>这是一个使用 XTemplate 模板引擎的复杂示例。以下是一些动态内容：</p>\n                    \n                    <div style=\"margin: 20px 0;\">\n                      {{#if user.admin}}\n                        <div style=\"background-color: #d4edda; color: #155724; padding: 10px; border-radius: 4px;\">\n                          您拥有管理员权限\n                        </div>\n                      {{else}}\n                        <div style=\"background-color: #f8d7da; color: #721c24; padding: 10px; border-radius: 4px;\">\n                          您没有管理员权限\n                        </div>\n                      {{/if}}\n                    </div>\n                    \n                    <h3>条件渲染示例</h3>\n                    {{#if items.length > 0}}\n                      <p>您有 {{items.length}} 个项目</p>\n                      <p>第一个项目是: {{items.0.name}}</p>\n                    {{else}}\n                      <p>您没有任何项目</p>\n                    {{/if}}\n                    \n                    <h3>循环嵌套示例</h3>\n                    {{#each items}}\n                      <div style=\"margin-bottom: 15px; padding: 10px; background-color: #f8f9fa; border-radius: 4px;\">\n                        <h4 style=\"margin-top: 0;\">{{name}}</h4>\n                        <p>ID: {{id}}</p>\n                        {{#if tags}}\n                          <div>\n                            标签:\n                            {{#each tags}}\n                              <span style=\"display: inline-block; margin-right: 5px; padding: 2px 8px; background-color: #e9ecef; border-radius: 10px; font-size: 12px;\">{{this}}</span>\n                            {{/each}}\n                          </div>\n                        {{/if}}\n                      </div>\n                    {{/each}}\n                  "
            }
          ]
        },
        {
          "type": "footer",
          "tagName": "footer",
          "attributes": {
            "class": "xt-footer",
            "style": {
              "background-color": "#2c3e50",
              "color": "#ecf0f1",
              "padding": "20px",
              "text-align": "center"
            }
          },
          "content": "\n                <p>© 2025 XTemplate 示例。版权所有。</p>\n                <p>当前用户: {{user.name}}</p>\n                {{#if user.admin}}\n                  <p><a href=\"#\" style=\"color: #3498db;\">管理控制台</a></p>\n                {{/if}}\n              "
        }
      ]
    }
  ],
  "styles": [
    {
      "selectors": [
        "body"
      ],
      "style": {
        "margin": 0,
        "padding": 0,
        "font-family": "Arial, sans-serif",
        "background-color": "#f5f5f5",
        "color": "#333"
      }
    }
  ],
  "assets": []
}