[
  {
    "name": "Process Start",
    "start": 1743275174497,
    "end": 1743275174988,
    "duration": 491,
    "pid": 31688,
    "index": 0
  },
  {
    "name": "Application Start",
    "start": 1743275174988,
    "end": 1743275176094,
    "duration": 1106,
    "pid": 31688,
    "index": 1
  },
  {
    "name": "Load Plugin",
    "start": 1743275174996,
    "end": 1743275175007,
    "duration": 11,
    "pid": 31688,
    "index": 2
  },
  {
    "name": "Load Config",
    "start": 1743275175007,
    "end": 1743275175024,
    "duration": 17,
    "pid": 31688,
    "index": 3
  },
  {
    "name": "Require(0) config/config.default.js",
    "start": 1743275175008,
    "end": 1743275175008,
    "duration": 0,
    "pid": 31688,
    "index": 4
  },
  {
    "name": "Require(1) node_modules/egg-session/config/config.default.js",
    "start": 1743275175009,
    "end": 1743275175010,
    "duration": 1,
    "pid": 31688,
    "index": 5
  },
  {
    "name": "Require(2) node_modules/egg-security/config/config.default.js",
    "start": 1743275175010,
    "end": 1743275175010,
    "duration": 0,
    "pid": 31688,
    "index": 6
  },
  {
    "name": "Require(3) node_modules/egg-jsonp/config/config.default.js",
    "start": 1743275175011,
    "end": 1743275175011,
    "duration": 0,
    "pid": 31688,
    "index": 7
  },
  {
    "name": "Require(4) node_modules/egg-onerror/config/config.default.js",
    "start": 1743275175011,
    "end": 1743275175012,
    "duration": 1,
    "pid": 31688,
    "index": 8
  },
  {
    "name": "Require(5) node_modules/egg-i18n/config/config.default.js",
    "start": 1743275175012,
    "end": 1743275175012,
    "duration": 0,
    "pid": 31688,
    "index": 9
  },
  {
    "name": "Require(6) node_modules/egg-watcher/config/config.default.js",
    "start": 1743275175013,
    "end": 1743275175013,
    "duration": 0,
    "pid": 31688,
    "index": 10
  },
  {
    "name": "Require(7) node_modules/egg-schedule/config/config.default.js",
    "start": 1743275175013,
    "end": 1743275175013,
    "duration": 0,
    "pid": 31688,
    "index": 11
  },
  {
    "name": "Require(8) node_modules/egg-multipart/config/config.default.js",
    "start": 1743275175014,
    "end": 1743275175014,
    "duration": 0,
    "pid": 31688,
    "index": 12
  },
  {
    "name": "Require(9) node_modules/egg-development/config/config.default.js",
    "start": 1743275175014,
    "end": 1743275175015,
    "duration": 1,
    "pid": 31688,
    "index": 13
  },
  {
    "name": "Require(10) node_modules/egg-logrotator/config/config.default.js",
    "start": 1743275175015,
    "end": 1743275175015,
    "duration": 0,
    "pid": 31688,
    "index": 14
  },
  {
    "name": "Require(11) node_modules/egg-static/config/config.default.js",
    "start": 1743275175015,
    "end": 1743275175016,
    "duration": 1,
    "pid": 31688,
    "index": 15
  },
  {
    "name": "Require(12) node_modules/egg-view/config/config.default.js",
    "start": 1743275175016,
    "end": 1743275175016,
    "duration": 0,
    "pid": 31688,
    "index": 16
  },
  {
    "name": "Require(13) node_modules/egg-cors/config/config.default.js",
    "start": 1743275175017,
    "end": 1743275175017,
    "duration": 0,
    "pid": 31688,
    "index": 17
  },
  {
    "name": "Require(14) node_modules/egg-view-nunjucks/config/config.default.js",
    "start": 1743275175017,
    "end": 1743275175018,
    "duration": 1,
    "pid": 31688,
    "index": 18
  },
  {
    "name": "Require(15) node_modules/egg/config/config.default.js",
    "start": 1743275175018,
    "end": 1743275175018,
    "duration": 0,
    "pid": 31688,
    "index": 19
  },
  {
    "name": "Require(16) config/config.default.js",
    "start": 1743275175019,
    "end": 1743275175019,
    "duration": 0,
    "pid": 31688,
    "index": 20
  },
  {
    "name": "Require(17) node_modules/egg-security/config/config.local.js",
    "start": 1743275175020,
    "end": 1743275175020,
    "duration": 0,
    "pid": 31688,
    "index": 21
  },
  {
    "name": "Require(18) node_modules/egg-watcher/config/config.local.js",
    "start": 1743275175021,
    "end": 1743275175021,
    "duration": 0,
    "pid": 31688,
    "index": 22
  },
  {
    "name": "Require(19) node_modules/egg-view/config/config.local.js",
    "start": 1743275175022,
    "end": 1743275175022,
    "duration": 0,
    "pid": 31688,
    "index": 23
  },
  {
    "name": "Require(20) node_modules/egg-view-nunjucks/config/config.local.js",
    "start": 1743275175022,
    "end": 1743275175023,
    "duration": 1,
    "pid": 31688,
    "index": 24
  },
  {
    "name": "Require(21) node_modules/egg/config/config.local.js",
    "start": 1743275175023,
    "end": 1743275175023,
    "duration": 0,
    "pid": 31688,
    "index": 25
  },
  {
    "name": "Load extend/application.js",
    "start": 1743275175024,
    "end": 1743275175066,
    "duration": 42,
    "pid": 31688,
    "index": 26
  },
  {
    "name": "Require(22) node_modules/egg-session/app/extend/application.js",
    "start": 1743275175025,
    "end": 1743275175025,
    "duration": 0,
    "pid": 31688,
    "index": 27
  },
  {
    "name": "Require(23) node_modules/egg-security/app/extend/application.js",
    "start": 1743275175025,
    "end": 1743275175027,
    "duration": 2,
    "pid": 31688,
    "index": 28
  },
  {
    "name": "Require(24) node_modules/egg-jsonp/app/extend/application.js",
    "start": 1743275175027,
    "end": 1743275175029,
    "duration": 2,
    "pid": 31688,
    "index": 29
  },
  {
    "name": "Require(25) node_modules/egg-schedule/app/extend/application.js",
    "start": 1743275175030,
    "end": 1743275175033,
    "duration": 3,
    "pid": 31688,
    "index": 30
  },
  {
    "name": "Require(26) node_modules/egg-logrotator/app/extend/application.js",
    "start": 1743275175034,
    "end": 1743275175034,
    "duration": 0,
    "pid": 31688,
    "index": 31
  },
  {
    "name": "Require(27) node_modules/egg-view/app/extend/application.js",
    "start": 1743275175035,
    "end": 1743275175036,
    "duration": 1,
    "pid": 31688,
    "index": 32
  },
  {
    "name": "Require(28) node_modules/egg-view-nunjucks/app/extend/application.js",
    "start": 1743275175036,
    "end": 1743275175064,
    "duration": 28,
    "pid": 31688,
    "index": 33
  },
  {
    "name": "Load extend/request.js",
    "start": 1743275175066,
    "end": 1743275175072,
    "duration": 6,
    "pid": 31688,
    "index": 34
  },
  {
    "name": "Require(29) node_modules/egg/app/extend/request.js",
    "start": 1743275175069,
    "end": 1743275175070,
    "duration": 1,
    "pid": 31688,
    "index": 35
  },
  {
    "name": "Load extend/response.js",
    "start": 1743275175072,
    "end": 1743275175078,
    "duration": 6,
    "pid": 31688,
    "index": 36
  },
  {
    "name": "Require(30) node_modules/egg/app/extend/response.js",
    "start": 1743275175075,
    "end": 1743275175076,
    "duration": 1,
    "pid": 31688,
    "index": 37
  },
  {
    "name": "Load extend/context.js",
    "start": 1743275175078,
    "end": 1743275175100,
    "duration": 22,
    "pid": 31688,
    "index": 38
  },
  {
    "name": "Require(31) node_modules/egg-security/app/extend/context.js",
    "start": 1743275175079,
    "end": 1743275175084,
    "duration": 5,
    "pid": 31688,
    "index": 39
  },
  {
    "name": "Require(32) node_modules/egg-jsonp/app/extend/context.js",
    "start": 1743275175084,
    "end": 1743275175085,
    "duration": 1,
    "pid": 31688,
    "index": 40
  },
  {
    "name": "Require(33) node_modules/egg-i18n/app/extend/context.js",
    "start": 1743275175085,
    "end": 1743275175086,
    "duration": 1,
    "pid": 31688,
    "index": 41
  },
  {
    "name": "Require(34) node_modules/egg-multipart/app/extend/context.js",
    "start": 1743275175086,
    "end": 1743275175095,
    "duration": 9,
    "pid": 31688,
    "index": 42
  },
  {
    "name": "Require(35) node_modules/egg-view/app/extend/context.js",
    "start": 1743275175096,
    "end": 1743275175097,
    "duration": 1,
    "pid": 31688,
    "index": 43
  },
  {
    "name": "Require(36) node_modules/egg/app/extend/context.js",
    "start": 1743275175097,
    "end": 1743275175098,
    "duration": 1,
    "pid": 31688,
    "index": 44
  },
  {
    "name": "Load extend/helper.js",
    "start": 1743275175100,
    "end": 1743275175122,
    "duration": 22,
    "pid": 31688,
    "index": 45
  },
  {
    "name": "Require(37) node_modules/egg-security/app/extend/helper.js",
    "start": 1743275175101,
    "end": 1743275175118,
    "duration": 17,
    "pid": 31688,
    "index": 46
  },
  {
    "name": "Require(38) node_modules/egg/app/extend/helper.js",
    "start": 1743275175120,
    "end": 1743275175120,
    "duration": 0,
    "pid": 31688,
    "index": 47
  },
  {
    "name": "Load app.js",
    "start": 1743275175123,
    "end": 1743275175152,
    "duration": 29,
    "pid": 31688,
    "index": 48
  },
  {
    "name": "Require(39) node_modules/egg-session/app.js",
    "start": 1743275175123,
    "end": 1743275175123,
    "duration": 0,
    "pid": 31688,
    "index": 49
  },
  {
    "name": "Require(40) node_modules/egg-security/app.js",
    "start": 1743275175123,
    "end": 1743275175125,
    "duration": 2,
    "pid": 31688,
    "index": 50
  },
  {
    "name": "Require(41) node_modules/egg-onerror/app.js",
    "start": 1743275175125,
    "end": 1743275175134,
    "duration": 9,
    "pid": 31688,
    "index": 51
  },
  {
    "name": "Require(42) node_modules/egg-i18n/app.js",
    "start": 1743275175134,
    "end": 1743275175142,
    "duration": 8,
    "pid": 31688,
    "index": 52
  },
  {
    "name": "Require(43) node_modules/egg-watcher/app.js",
    "start": 1743275175143,
    "end": 1743275175147,
    "duration": 4,
    "pid": 31688,
    "index": 53
  },
  {
    "name": "Require(44) node_modules/egg-schedule/app.js",
    "start": 1743275175147,
    "end": 1743275175147,
    "duration": 0,
    "pid": 31688,
    "index": 54
  },
  {
    "name": "Require(45) node_modules/egg-multipart/app.js",
    "start": 1743275175148,
    "end": 1743275175149,
    "duration": 1,
    "pid": 31688,
    "index": 55
  },
  {
    "name": "Require(46) node_modules/egg-development/app.js",
    "start": 1743275175149,
    "end": 1743275175149,
    "duration": 0,
    "pid": 31688,
    "index": 56
  },
  {
    "name": "Require(47) node_modules/egg-logrotator/app.js",
    "start": 1743275175149,
    "end": 1743275175150,
    "duration": 1,
    "pid": 31688,
    "index": 57
  },
  {
    "name": "Require(48) node_modules/egg-static/app.js",
    "start": 1743275175150,
    "end": 1743275175150,
    "duration": 0,
    "pid": 31688,
    "index": 58
  },
  {
    "name": "Require(49) node_modules/egg-cors/app.js",
    "start": 1743275175151,
    "end": 1743275175151,
    "duration": 0,
    "pid": 31688,
    "index": 59
  },
  {
    "name": "Require(50) node_modules/egg-view-nunjucks/app.js",
    "start": 1743275175151,
    "end": 1743275175151,
    "duration": 0,
    "pid": 31688,
    "index": 60
  },
  {
    "name": "Before Start in node_modules/egg-watcher/lib/init.js:15:14",
    "start": 1743275175160,
    "end": 1743275176094,
    "duration": 934,
    "pid": 31688,
    "index": 61
  },
  {
    "name": "Load Service",
    "start": 1743275175185,
    "end": 1743275175995,
    "duration": 810,
    "pid": 31688,
    "index": 62
  },
  {
    "name": "Load \"service\" to Context",
    "start": 1743275175185,
    "end": 1743275175995,
    "duration": 810,
    "pid": 31688,
    "index": 63
  },
  {
    "name": "Load Middleware",
    "start": 1743275175995,
    "end": 1743275176074,
    "duration": 79,
    "pid": 31688,
    "index": 64
  },
  {
    "name": "Load \"middlewares\" to Application",
    "start": 1743275175995,
    "end": 1743275176068,
    "duration": 73,
    "pid": 31688,
    "index": 65
  },
  {
    "name": "Load Controller",
    "start": 1743275176075,
    "end": 1743275176077,
    "duration": 2,
    "pid": 31688,
    "index": 66
  },
  {
    "name": "Load \"controller\" to Application",
    "start": 1743275176075,
    "end": 1743275176077,
    "duration": 2,
    "pid": 31688,
    "index": 67
  },
  {
    "name": "Load Router",
    "start": 1743275176077,
    "end": 1743275176078,
    "duration": 1,
    "pid": 31688,
    "index": 68
  },
  {
    "name": "Require(51) app/router.js",
    "start": 1743275176077,
    "end": 1743275176077,
    "duration": 0,
    "pid": 31688,
    "index": 69
  },
  {
    "name": "Before Start in node_modules/egg-core/lib/egg.js:328:10",
    "start": 1743275176077,
    "end": 1743275176084,
    "duration": 7,
    "pid": 31688,
    "index": 70
  }
]